run_id,repo,workflow_name,event,conclusion,created_at,duration_seconds,queue_seconds,billable_minutes_total
27282961532,evenwebb/stmewan-parish-council-calendar,pages build and deployment,dynamic,success,2026-06-10T14:21:17Z,83.0,0.0,3.0
27282945621,evenwebb/stmewan-parish-council-calendar,Update iCal Feed,schedule,success,2026-06-10T14:21:01Z,12.0,0.0,1.0
27282687400,evenwebb/penrice-calendar-scraper,Update iCal Feed,schedule,success,2026-06-10T14:16:49Z,11.0,0.0,1.0
27276304076,evenwebb/wtw-cinemas,pages build and deployment,dynamic,success,2026-06-10T12:29:56Z,48.0,0.0,3.0
27276281061,evenwebb/wtw-cinemas,Scrape Cinema Calendar,schedule,success,2026-06-10T12:29:30Z,23.0,0.0,1.0
27276140476,evenwebb/merlin-cinemas,pages build and deployment,dynamic,success,2026-06-10T12:26:54Z,43.0,0.0,3.0
27276113191,evenwebb/merlin-cinemas,Scrape Cinema Calendar,schedule,success,2026-06-10T12:26:23Z,28.0,0.0,1.0
27275540458,evenwebb/merlin-whats-on,pages build and deployment,dynamic,success,2026-06-10T12:15:51Z,36.0,0.0,3.0
27275529502,evenwebb/wtw-cinemas-calendar,pages build and deployment,dynamic,success,2026-06-10T12:15:39Z,49.0,0.0,3.0
27275508288,evenwebb/wtw-cinemas-calendar,Update Cinema iCal Feed,schedule,success,2026-06-10T12:15:17Z,20.0,0.0,1.0
27275499771,evenwebb/wtw-whats-on,pages build and deployment,dynamic,success,2026-06-10T12:15:08Z,35.0,0.0,3.0
27275480543,evenwebb/wtw-whats-on,What's On HTML,schedule,success,2026-06-10T12:14:47Z,20.0,0.0,1.0
27275451771,evenwebb/merlin-whats-on,What's On HTML,schedule,success,2026-06-10T12:14:16Z,91.0,0.0,2.0
27275415477,evenwebb/merlin-cinemas-calendar,pages build and deployment,dynamic,success,2026-06-10T12:13:37Z,53.0,0.0,3.0
27275398624,evenwebb/merlin-cinemas-calendar,Update Cinema iCal Feed,schedule,success,2026-06-10T12:13:19Z,17.0,0.0,1.0
27269296113,evenwebb/OctoCal,Scrape Octopus Energy Free Electricity,schedule,success,2026-06-10T10:14:29Z,13.0,0.0,1.0
27268980003,evenwebb/evenwebb,Update Profile README,schedule,success,2026-06-10T10:08:25Z,15.0,0.0,1.0
27268172697,evenwebb/cornwall-waste-collection-calendar-generator,Run Cornwall scraper,schedule,success,2026-06-10T09:53:15Z,15.0,0.0,1.0
27252999237,evenwebb/OctoCal,Scrape Octopus Energy Free Electricity,schedule,success,2026-06-10T04:22:15Z,16.0,0.0,1.0
27252476285,evenwebb/github-actions-usage-tracker,Collect & Deploy,schedule,success,2026-06-10T04:07:32Z,20.0,0.0,2.0
27252326903,evenwebb/evenwebb,Update Profile README,schedule,success,2026-06-10T04:03:13Z,18.0,0.0,1.0
27242486674,evenwebb/github-actions-usage-tracker,Collect & Deploy,workflow_dispatch,success,2026-06-09T23:28:07Z,21.0,0.0,2.0
27241818345,evenwebb/github-actions-usage-tracker,pages build and deployment,dynamic,success,2026-06-09T23:11:54Z,31.0,0.0,3.0
27240512325,evenwebb/OctoCal,Scrape Octopus Energy Free Electricity,schedule,success,2026-06-09T22:40:53Z,9.0,0.0,1.0
27232999434,evenwebb/OctoCal,Scrape Octopus Energy Free Electricity,schedule,success,2026-06-09T20:14:15Z,17.0,0.0,1.0
27232792271,evenwebb/evenwebb,Update Profile README,schedule,success,2026-06-09T20:10:25Z,17.0,0.0,1.0
27225993468,evenwebb/epic-free-games-scraper,Scrape Epic Games and Deploy to GitHub Pages,schedule,success,2026-06-09T18:06:43Z,42.0,0.0,1.0
27223724908,evenwebb/epic-free-games-scraper,Scrape Epic Games and Deploy to GitHub Pages,schedule,success,2026-06-09T17:25:07Z,41.0,0.0,1.0
27216434767,evenwebb/OctoCal,Scrape Octopus Energy Free Electricity,schedule,success,2026-06-09T15:19:34Z,22.0,0.0,1.0
27215895764,evenwebb/evenwebb,Update Profile README,schedule,success,2026-06-09T15:10:50Z,17.0,0.0,1.0
27210441562,evenwebb/stmewan-parish-council-calendar,pages build and deployment,dynamic,success,2026-06-09T13:43:53Z,100.0,0.0,4.0
27210423912,evenwebb/stmewan-parish-council-calendar,Update iCal Feed,schedule,success,2026-06-09T13:43:35Z,15.0,0.0,1.0
27209975768,evenwebb/penrice-calendar-scraper,Update iCal Feed,schedule,success,2026-06-09T13:36:11Z,17.0,0.0,1.0
27205182669,evenwebb/wtw-cinemas,pages build and deployment,dynamic,success,2026-06-09T12:10:40Z,80.0,0.0,3.0
27205156734,evenwebb/wtw-cinemas,Scrape Cinema Calendar,schedule,success,2026-06-09T12:10:10Z,28.0,0.0,1.0
27205069092,evenwebb/merlin-cinemas,pages build and deployment,dynamic,success,2026-06-09T12:08:28Z,56.0,0.0,3.0
27205043442,evenwebb/merlin-cinemas,Scrape Cinema Calendar,schedule,success,2026-06-09T12:07:58Z,28.0,0.0,1.0
27204354122,evenwebb/wtw-cinemas-calendar,pages build and deployment,dynamic,success,2026-06-09T11:54:39Z,39.0,0.0,3.0
27204343687,evenwebb/merlin-whats-on,pages build and deployment,dynamic,success,2026-06-09T11:54:26Z,36.0,0.0,3.0
27204331376,evenwebb/wtw-cinemas-calendar,Update Cinema iCal Feed,schedule,success,2026-06-09T11:54:11Z,26.0,0.0,1.0
27204326817,evenwebb/wtw-whats-on,pages build and deployment,dynamic,success,2026-06-09T11:54:06Z,32.0,0.0,3.0
27204309596,evenwebb/wtw-whats-on,What's On HTML,schedule,success,2026-06-09T11:53:45Z,20.0,0.0,1.0
27204281751,evenwebb/merlin-whats-on,What's On HTML,schedule,success,2026-06-09T11:53:13Z,73.0,0.0,2.0
27204240815,evenwebb/merlin-cinemas-calendar,pages build and deployment,dynamic,success,2026-06-09T11:52:24Z,29.0,0.0,3.0
27204228224,evenwebb/merlin-cinemas-calendar,Update Cinema iCal Feed,schedule,success,2026-06-09T11:52:09Z,12.0,0.0,1.0
27198437938,evenwebb/OctoCal,Scrape Octopus Energy Free Electricity,schedule,success,2026-06-09T09:57:10Z,10.0,0.0,1.0
27198163282,evenwebb/evenwebb,Update Profile README,schedule,success,2026-06-09T09:52:03Z,15.0,0.0,1.0
27197381287,evenwebb/cornwall-waste-collection-calendar-generator,Run Cornwall scraper,schedule,success,2026-06-09T09:37:14Z,17.0,0.0,1.0
27183304484,evenwebb/OctoCal,Scrape Octopus Energy Free Electricity,schedule,success,2026-06-09T04:10:54Z,13.0,0.0,1.0
27182830001,evenwebb/github-actions-usage-tracker,pages build and deployment,dynamic,success,2026-06-09T03:56:20Z,33.0,0.0,3.0
27182824104,evenwebb/github-actions-usage-tracker,Collect & Deploy,schedule,success,2026-06-09T03:56:08Z,11.0,0.0,1.0
27182696150,evenwebb/evenwebb,Update Profile README,schedule,success,2026-06-09T03:52:10Z,15.0,0.0,1.0
27172238244,evenwebb/SubSleuth,Tests,push,success,2026-06-08T22:57:06Z,56.0,0.0,3.0
27172238229,evenwebb/SubSleuth,Deploy GitHub Pages,push,success,2026-06-08T22:57:06Z,18.0,0.0,1.0
27172142850,evenwebb/SubSleuth,Tests,push,success,2026-06-08T22:54:50Z,38.0,0.0,3.0
27172142809,evenwebb/SubSleuth,Deploy GitHub Pages,push,success,2026-06-08T22:54:50Z,23.0,0.0,1.0
27172049655,evenwebb/SubSleuth,Deploy GitHub Pages,push,success,2026-06-08T22:52:38Z,23.0,0.0,1.0
27172049636,evenwebb/SubSleuth,Tests,push,success,2026-06-08T22:52:38Z,40.0,0.0,3.0
27171907127,evenwebb/SubSleuth,Deploy GitHub Pages,push,success,2026-06-08T22:49:08Z,25.0,0.0,1.0
27171907081,evenwebb/SubSleuth,Tests,push,success,2026-06-08T22:49:08Z,55.0,0.0,3.0
27171647863,evenwebb/SubSleuth,Deploy GitHub Pages,workflow_dispatch,success,2026-06-08T22:42:58Z,18.0,0.0,1.0
27171632776,evenwebb/OctoCal,Scrape Octopus Energy Free Electricity,schedule,success,2026-06-08T22:42:36Z,11.0,0.0,1.0
27171588424,evenwebb/SubSleuth,Tests,push,success,2026-06-08T22:41:34Z,41.0,0.0,3.0
27166108002,evenwebb/wtw-cinemas,pages build and deployment,dynamic,success,2026-06-08T20:50:20Z,37.0,0.0,3.0
27166085796,evenwebb/wtw-cinemas,Scrape Cinema Calendar,workflow_dispatch,success,2026-06-08T20:49:54Z,22.0,0.0,1.0
27164860975,evenwebb/OctoCal,Scrape Octopus Energy Free Electricity,schedule,success,2026-06-08T20:26:35Z,21.0,0.0,1.0
27164620936,evenwebb/evenwebb,Update Profile README,schedule,success,2026-06-08T20:22:17Z,15.0,0.0,1.0
27158337983,evenwebb/epic-free-games-scraper,Scrape Epic Games and Deploy to GitHub Pages,schedule,success,2026-06-08T18:25:56Z,29.0,0.0,1.0
27156681103,evenwebb/epic-free-games-scraper,Scrape Epic Games and Deploy to GitHub Pages,schedule,success,2026-06-08T17:55:40Z,32.0,0.0,1.0
27150695606,evenwebb/OctoCal,Scrape Octopus Energy Free Electricity,schedule,success,2026-06-08T16:07:43Z,15.0,0.0,1.0
27150165255,evenwebb/evenwebb,Update Profile README,schedule,success,2026-06-08T15:58:44Z,14.0,0.0,1.0
27145859597,evenwebb/stmewan-parish-council-calendar,pages build and deployment,dynamic,success,2026-06-08T14:47:59Z,64.0,0.0,3.0
27145842267,evenwebb/stmewan-parish-council-calendar,Update iCal Feed,schedule,success,2026-06-08T14:47:42Z,13.0,0.0,1.0
27145423842,evenwebb/penrice-calendar-scraper,Update iCal Feed,schedule,success,2026-06-08T14:40:56Z,14.0,0.0,1.0
23125765901,evenwebb/evenwebb,Update Profile README,schedule,success,2026-03-16T02:46:14Z,9.0,0.0,1.0
23119841459,evenwebb/OctoCal,Scrape Octopus Energy Free Electricity,schedule,success,2026-03-15T21:34:45Z,11.0,0.0,1.0
23116959178,evenwebb/OctoCal,Scrape Octopus Energy Free Electricity,schedule,success,2026-03-15T18:51:48Z,15.0,0.0,1.0
23116832955,evenwebb/evenwebb,Update Profile README,schedule,success,2026-03-15T18:44:33Z,10.0,0.0,1.0
23114545718,evenwebb/epic-free-games-scraper,Scrape Epic Games and Deploy to GitHub Pages,schedule,success,2026-03-15T16:34:27Z,36.0,0.0,2.0
23113537317,evenwebb/OctoCal,Scrape Octopus Energy Free Electricity,schedule,success,2026-03-15T15:36:23Z,14.0,0.0,1.0
23113447669,evenwebb/epic-free-games-scraper,Scrape Epic Games and Deploy to GitHub Pages,schedule,success,2026-03-15T15:31:20Z,37.0,0.0,2.0
23111022795,evenwebb/OctoCal,Scrape Octopus Energy Free Electricity,schedule,success,2026-03-15T13:09:14Z,12.0,0.0,1.0
23110895489,evenwebb/evenwebb,Update Profile README,schedule,success,2026-03-15T13:01:25Z,9.0,0.0,1.0
23109396114,evenwebb/stmewan-parish-council-calendar,pages build and deployment,dynamic,success,2026-03-15T11:25:46Z,34.0,0.0,3.0
23109392834,evenwebb/stmewan-parish-council-calendar,Update iCal Feed,schedule,success,2026-03-15T11:25:33Z,12.0,0.0,1.0
23109277295,evenwebb/penrice-calendar-scraper,Update iCal Feed,schedule,success,2026-03-15T11:18:07Z,13.0,0.0,1.0
23107824570,evenwebb/OctoCal,Scrape Octopus Energy Free Electricity,schedule,success,2026-03-15T09:42:24Z,8.0,0.0,1.0
23107639367,evenwebb/calendar-scraper-template,Update Calendar Feed,schedule,failure,2026-03-15T09:30:30Z,34.0,0.0,1.0
23107606824,evenwebb/wtw-cinemas-calendar,pages build and deployment,dynamic,success,2026-03-15T09:28:25Z,35.0,0.0,3.0
23107602451,evenwebb/wtw-cinemas-calendar,Update Cinema iCal Feed,schedule,success,2026-03-15T09:28:10Z,15.0,0.0,1.0
23107589457,evenwebb/wtw-whats-on,What's On HTML,schedule,failure,2026-03-15T09:27:13Z,22.0,0.0,1.0
23107574038,evenwebb/merlin-whats-on,What's On HTML,schedule,failure,2026-03-15T09:26:10Z,98.0,0.0,2.0
23107552200,evenwebb/merlin-cinemas-calendar,pages build and deployment,dynamic,success,2026-03-15T09:24:43Z,32.0,0.0,3.0
23107548324,evenwebb/merlin-cinemas-calendar,Update Cinema iCal Feed,schedule,success,2026-03-15T09:24:29Z,13.0,0.0,1.0
23105569692,evenwebb/OctoCal,Scrape Octopus Energy Free Electricity,schedule,success,2026-03-15T07:08:24Z,8.0,0.0,1.0
23105497391,evenwebb/evenwebb,Update Profile README,schedule,success,2026-03-15T07:03:18Z,8.0,0.0,1.0
23105353329,evenwebb/cornwall-waste-collection-calendar-generator,Run Cornwall scraper,schedule,failure,2026-03-15T06:52:56Z,31.0,0.0,1.0
23102344940,evenwebb/OctoCal,Scrape Octopus Energy Free Electricity,schedule,success,2026-03-15T03:18:48Z,15.0,0.0,1.0
23101908441,evenwebb/github-actions-usage-tracker,pages build and deployment,dynamic,success,2026-03-15T02:49:56Z,35.0,0.0,3.0
23101903061,evenwebb/github-actions-usage-tracker,Collect & Deploy,schedule,success,2026-03-15T02:49:34Z,23.0,0.0,1.0
23101847203,evenwebb/evenwebb,Update Profile README,schedule,success,2026-03-15T02:45:36Z,14.0,0.0,1.0
23096815731,evenwebb/OctoCal,Scrape Octopus Energy Free Electricity,schedule,success,2026-03-14T21:33:35Z,8.0,0.0,1.0
23094146824,evenwebb/OctoCal,Scrape Octopus Energy Free Electricity,schedule,success,2026-03-14T18:50:48Z,11.0,0.0,1.0
23094040919,evenwebb/evenwebb,Update Profile README,schedule,success,2026-03-14T18:44:19Z,9.0,0.0,1.0
23091893700,evenwebb/epic-free-games-scraper,Scrape Epic Games and Deploy to GitHub Pages,schedule,success,2026-03-14T16:33:34Z,34.0,0.0,2.0
23090948295,evenwebb/OctoCal,Scrape Octopus Energy Free Electricity,schedule,success,2026-03-14T15:35:32Z,15.0,0.0,1.0
23090860665,evenwebb/epic-free-games-scraper,Scrape Epic Games and Deploy to GitHub Pages,schedule,success,2026-03-14T15:30:12Z,40.0,0.0,2.0
23088568524,evenwebb/OctoCal,Scrape Octopus Energy Free Electricity,schedule,success,2026-03-14T13:08:02Z,10.0,0.0,1.0
23088443582,evenwebb/evenwebb,Update Profile README,schedule,success,2026-03-14T13:00:02Z,9.0,0.0,1.0
23086970738,evenwebb/stmewan-parish-council-calendar,pages build and deployment,dynamic,success,2026-03-14T11:23:56Z,35.0,0.0,3.0
23086966360,evenwebb/stmewan-parish-council-calendar,Update iCal Feed,schedule,success,2026-03-14T11:23:40Z,13.0,0.0,1.0
23086846646,evenwebb/penrice-calendar-scraper,Update iCal Feed,schedule,success,2026-03-14T11:15:36Z,9.0,0.0,1.0
23085411588,evenwebb/OctoCal,Scrape Octopus Energy Free Electricity,schedule,success,2026-03-14T09:41:01Z,10.0,0.0,1.0
23085229341,evenwebb/calendar-scraper-template,Update Calendar Feed,schedule,failure,2026-03-14T09:29:18Z,34.0,0.0,1.0
23085183846,evenwebb/wtw-cinemas-calendar,pages build and deployment,dynamic,success,2026-03-14T09:26:19Z,30.0,0.0,3.0
23085179300,evenwebb/wtw-cinemas-calendar,Update Cinema iCal Feed,schedule,success,2026-03-14T09:26:02Z,15.0,0.0,1.0
23085170134,evenwebb/wtw-whats-on,What's On HTML,schedule,failure,2026-03-14T09:25:22Z,18.0,0.0,1.0
23085166359,evenwebb/merlin-whats-on,What's On HTML,schedule,failure,2026-03-14T09:25:06Z,85.0,0.0,2.0
23085147241,evenwebb/merlin-cinemas-calendar,pages build and deployment,dynamic,success,2026-03-14T09:23:49Z,32.0,0.0,3.0
23085143450,evenwebb/merlin-cinemas-calendar,Update Cinema iCal Feed,schedule,success,2026-03-14T09:23:35Z,15.0,0.0,1.0
23082852072,evenwebb/OctoCal,Scrape Octopus Energy Free Electricity,schedule,success,2026-03-14T06:59:14Z,15.0,0.0,1.0
23082766930,evenwebb/evenwebb,Update Profile README,schedule,success,2026-03-14T06:53:47Z,9.0,0.0,1.0
23082559962,evenwebb/cornwall-waste-collection-calendar-generator,Run Cornwall scraper,schedule,failure,2026-03-14T06:41:10Z,29.0,0.0,1.0
23080741489,evenwebb/OctoCal,Scrape Octopus Energy Free Electricity,schedule,success,2026-03-14T04:48:14Z,9.0,0.0,1.0
23078579912,evenwebb/OctoCal,Scrape Octopus Energy Free Electricity,schedule,success,2026-03-14T02:40:39Z,11.0,0.0,1.0
23078380619,evenwebb/github-actions-usage-tracker,pages build and deployment,dynamic,success,2026-03-14T02:29:06Z,37.0,0.0,3.0
23078374949,evenwebb/github-actions-usage-tracker,Collect & Deploy,schedule,success,2026-03-14T02:28:44Z,21.0,0.0,1.0
23078319150,evenwebb/evenwebb,Update Profile README,schedule,success,2026-03-14T02:25:43Z,10.0,0.0,1.0
23071607040,evenwebb/OctoCal,Scrape Octopus Energy Free Electricity,schedule,success,2026-03-13T21:40:22Z,12.0,0.0,1.0
23065953688,evenwebb/OctoCal,Scrape Octopus Energy Free Electricity,schedule,success,2026-03-13T18:54:00Z,13.0,0.0,1.0
23065795273,evenwebb/evenwebb,Update Profile README,schedule,success,2026-03-13T18:49:46Z,8.0,0.0,1.0
23060930772,evenwebb/epic-free-games-scraper,Scrape Epic Games and Deploy to GitHub Pages,schedule,success,2026-03-13T16:41:40Z,38.0,0.0,2.0
23058883968,evenwebb/OctoCal,Scrape Octopus Energy Free Electricity,schedule,success,2026-03-13T15:51:40Z,12.0,0.0,1.0
23058613787,evenwebb/epic-free-games-scraper,Scrape Epic Games and Deploy to GitHub Pages,schedule,success,2026-03-13T15:45:01Z,33.0,0.0,2.0
23052553029,evenwebb/OctoCal,Scrape Octopus Energy Free Electricity,schedule,success,2026-03-13T13:15:55Z,12.0,0.0,1.0
23052245597,evenwebb/evenwebb,Update Profile README,schedule,success,2026-03-13T13:07:44Z,13.0,0.0,1.0
23048886237,evenwebb/stmewan-parish-council-calendar,pages build and deployment,dynamic,success,2026-03-13T11:31:21Z,34.0,0.0,3.0
23048878723,evenwebb/stmewan-parish-council-calendar,Update iCal Feed,schedule,success,2026-03-13T11:31:06Z,13.0,0.0,1.0
23048609285,evenwebb/penrice-calendar-scraper,Update iCal Feed,schedule,success,2026-03-13T11:23:02Z,9.0,0.0,1.0
23045367357,evenwebb/OctoCal,Scrape Octopus Energy Free Electricity,schedule,success,2026-03-13T09:50:14Z,14.0,0.0,1.0
23044859668,evenwebb/calendar-scraper-template,Update Calendar Feed,schedule,failure,2026-03-13T09:35:44Z,34.0,0.0,1.0
23044773464,evenwebb/wtw-cinemas-calendar,pages build and deployment,dynamic,success,2026-03-13T09:33:20Z,37.0,0.0,3.0
23044756621,evenwebb/wtw-whats-on,What's On HTML,schedule,failure,2026-03-13T09:32:51Z,18.0,0.0,1.0
23044750376,evenwebb/wtw-cinemas-calendar,Update Cinema iCal Feed,schedule,success,2026-03-13T09:32:41Z,37.0,0.0,1.0
23044717015,evenwebb/merlin-whats-on,What's On HTML,schedule,failure,2026-03-13T09:31:44Z,107.0,0.0,2.0
23044665145,evenwebb/merlin-cinemas-calendar,pages build and deployment,dynamic,success,2026-03-13T09:30:19Z,33.0,0.0,3.0
23044656910,evenwebb/merlin-cinemas-calendar,Update Cinema iCal Feed,schedule,success,2026-03-13T09:30:05Z,11.0,0.0,1.0
23040098384,evenwebb/OctoCal,Scrape Octopus Energy Free Electricity,schedule,success,2026-03-13T07:04:31Z,11.0,0.0,1.0
23039964521,evenwebb/evenwebb,Update Profile README,schedule,success,2026-03-13T06:59:40Z,10.0,0.0,1.0
23039691265,evenwebb/cornwall-waste-collection-calendar-generator,Run Cornwall scraper,schedule,failure,2026-03-13T06:49:25Z,31.0,0.0,1.0
23036719699,evenwebb/OctoCal,Scrape Octopus Energy Free Electricity,schedule,success,2026-03-13T04:50:41Z,11.0,0.0,1.0
23033799801,evenwebb/OctoCal,Scrape Octopus Energy Free Electricity,schedule,success,2026-03-13T02:42:04Z,10.0,0.0,1.0
23033553572,evenwebb/github-actions-usage-tracker,pages build and deployment,dynamic,success,2026-03-13T02:31:34Z,37.0,0.0,3.0
23033543816,evenwebb/github-actions-usage-tracker,Collect & Deploy,schedule,success,2026-03-13T02:31:08Z,24.0,0.0,1.0
23033463718,evenwebb/evenwebb,Update Profile README,schedule,success,2026-03-13T02:27:45Z,11.0,0.0,1.0
23025228266,evenwebb/OctoCal,Scrape Octopus Energy Free Electricity,schedule,success,2026-03-12T21:40:29Z,11.0,0.0,1.0
23019050678,evenwebb/OctoCal,Scrape Octopus Energy Free Electricity,schedule,success,2026-03-12T19:03:28Z,10.0,0.0,1.0
23018880602,evenwebb/evenwebb,Update Profile README,schedule,success,2026-03-12T18:59:11Z,10.0,0.0,1.0
23013876749,evenwebb/epic-free-games-scraper,Scrape Epic Games and Deploy to GitHub Pages,schedule,success,2026-03-12T16:59:11Z,32.0,0.0,2.0
23011523506,evenwebb/OctoCal,Scrape Octopus Energy Free Electricity,schedule,success,2026-03-12T16:05:28Z,12.0,0.0,1.0
23011331004,evenwebb/epic-free-games-scraper,Scrape Epic Games and Deploy to GitHub Pages,schedule,success,2026-03-12T16:01:06Z,47.0,0.0,2.0
23003904832,evenwebb/OctoCal,Scrape Octopus Energy Free Electricity,schedule,success,2026-03-12T13:18:16Z,16.0,0.0,1.0
23003542337,evenwebb/evenwebb,Update Profile README,schedule,success,2026-03-12T13:09:18Z,11.0,0.0,1.0
22999851890,evenwebb/stmewan-parish-council-calendar,pages build and deployment,dynamic,success,2026-03-12T11:31:28Z,37.0,0.0,3.0
22999842598,evenwebb/stmewan-parish-council-calendar,Update iCal Feed,schedule,success,2026-03-12T11:31:13Z,12.0,0.0,1.0
22999633697,evenwebb/penrice-calendar-scraper,Update iCal Feed,schedule,success,2026-03-12T11:25:34Z,10.0,0.0,1.0
22996145601,evenwebb/OctoCal,Scrape Octopus Energy Free Electricity,schedule,success,2026-03-12T09:53:26Z,11.0,0.0,1.0
22995593346,evenwebb/calendar-scraper-template,Update Calendar Feed,schedule,failure,2026-03-12T09:38:55Z,33.0,0.0,1.0
22995505711,evenwebb/wtw-cinemas-calendar,pages build and deployment,dynamic,success,2026-03-12T09:36:33Z,36.0,0.0,3.0
22995486798,evenwebb/wtw-cinemas-calendar,Update Cinema iCal Feed,schedule,success,2026-03-12T09:36:03Z,27.0,0.0,1.0
22995469631,evenwebb/wtw-whats-on,What's On HTML,schedule,failure,2026-03-12T09:35:35Z,19.0,0.0,1.0
22995452693,evenwebb/merlin-whats-on,What's On HTML,schedule,failure,2026-03-12T09:35:09Z,81.0,0.0,2.0
22995417144,evenwebb/merlin-cinemas-calendar,pages build and deployment,dynamic,success,2026-03-12T09:34:15Z,36.0,0.0,3.0
22995387422,evenwebb/merlin-cinemas-calendar,Update Cinema iCal Feed,schedule,success,2026-03-12T09:33:29Z,42.0,0.0,1.0
22990535375,evenwebb/OctoCal,Scrape Octopus Energy Free Electricity,schedule,success,2026-03-12T07:05:48Z,12.0,0.0,1.0
22990408948,evenwebb/evenwebb,Update Profile README,schedule,success,2026-03-12T07:01:13Z,11.0,0.0,1.0
22990145492,evenwebb/cornwall-waste-collection-calendar-generator,Run Cornwall scraper,schedule,failure,2026-03-12T06:51:28Z,31.0,0.0,1.0
22987180239,evenwebb/OctoCal,Scrape Octopus Energy Free Electricity,schedule,success,2026-03-12T04:53:17Z,13.0,0.0,1.0
22984235871,evenwebb/OctoCal,Scrape Octopus Energy Free Electricity,schedule,success,2026-03-12T02:44:15Z,11.0,0.0,1.0
22983980052,evenwebb/github-actions-usage-tracker,pages build and deployment,dynamic,success,2026-03-12T02:33:31Z,32.0,0.0,3.0
22983967886,evenwebb/github-actions-usage-tracker,Collect & Deploy,schedule,success,2026-03-12T02:33:00Z,31.0,0.0,1.0
22983894694,evenwebb/evenwebb,Update Profile README,schedule,success,2026-03-12T02:29:52Z,10.0,0.0,1.0
